,lib,file_x,OC,File_name
0,logic_vvt,db_nldm,SSGNP0P63VN40C,test/root/logic_vvt/db_nldm/logl16hdl090f_ssgnp0p63vn40c.lib.Z
1,logic_vvt,db_nldm,SSGNP0P63VN40C,test/root/logic_vvt/db_nldm/logl16hdl090f_ssgnp0p63vn40c.db
2,power_vvt,db_nldm,SSGNP0P63VN40C,test/root/power_vvt/db_nldm/logl20hdh090f_ssgnp0p63vn40c.lib.Z
3,power_vvt,db_nldm,SSGNP0P63VN40C,test/root/power_vvt/db_nldm/logl20hdh090f_ssgnp0p63vn40c.db
4,logic_lvt,db_nldm,SSGNP0P63VN40C,test/root/logic_lvt/db_nldm/logl20hdl090f_ssgnp0p63vn40c.lib.Z
5,logic_lvt,db_nldm,SSGNP0P63VN40C,test/root/logic_lvt/db_nldm/logl20hdl090f_ssgnp0p63vn40c.db
6,logic_vvt,db_ccs,SSGNP0P63VN40C,test/root/logic_vvt/db_ccs/logl16hdl090f_ssgnp0p63vn40c.lib.Z
7,logic_vvt,db_ccs,SSGNP0P63VN40C,test/root/logic_vvt/db_ccs/logl16hdl090f_ssgnp0p63vn40c.db
8,power_vvt,db_ccs,SSGNP0P63VN40C,test/root/power_vvt/db_ccs/logl20hdh090f_ssgnp0p63vn40c.db
9,power_vvt,db_ccs,SSGNP0P63VN40C,test/root/power_vvt/db_ccs/logl20hdh090f_ssgnp0p63vn40c.lib.Z
10,logic_lvt,db_ccs,SSGNP0P63VN40C,test/root/logic_lvt/db_ccs/logl20hdl090f_ssgnp0p63vn40c.lib.Z
11,logic_lvt,db_ccs,SSGNP0P63VN40C,test/root/logic_lvt/db_ccs/logl20hdl090f_ssgnp0p63vn40c.db
12,logic_vvt,db_nldm,FFGNP0P77V125C,test/root/logic_vvt/db_nldm/logl16hdl090f_ffgnp0p77v125c.lib.Z
13,logic_vvt,db_nldm,FFGNP0P77V125C,test/root/logic_vvt/db_nldm/logl16hdl090f_ffgnp0p77v125c.db
14,power_vvt,db_nldm,FFGNP0P77V125C,test/root/power_vvt/db_nldm/logl20hdh090f_ffgnp0p77v125c.db
15,power_vvt,db_nldm,FFGNP0P77V125C,test/root/power_vvt/db_nldm/logl20hdh090f_ffgnp0p77v125c.lib.Z
16,logic_lvt,db_nldm,FFGNP0P77V125C,test/root/logic_lvt/db_nldm/logl20hdl090f_ffgnp0p77v125c.db
17,logic_lvt,db_nldm,FFGNP0P77V125C,test/root/logic_lvt/db_nldm/logl20hdl090f_ffgnp0p77v125c.lib.Z
18,logic_vvt,db_ccs,FFGNP0P77V125C,test/root/logic_vvt/db_ccs/logl16hdl090f_ffgnp0p77v125c.lib.Z
19,logic_vvt,db_ccs,FFGNP0P77V125C,test/root/logic_vvt/db_ccs/logl16hdl090f_ffgnp0p77v125c.db
20,power_vvt,db_ccs,FFGNP0P77V125C,test/root/power_vvt/db_ccs/logl20hdh090f_ffgnp0p77v125c.db
21,power_vvt,db_ccs,FFGNP0P77V125C,test/root/power_vvt/db_ccs/logl20hdh090f_ffgnp0p77v125c.lib.Z
22,logic_lvt,db_ccs,FFGNP0P77V125C,test/root/logic_lvt/db_ccs/logl20hdl090f_ffgnp0p77v125c.db
23,logic_lvt,db_ccs,FFGNP0P77V125C,test/root/logic_lvt/db_ccs/logl20hdl090f_ffgnp0p77v125c.lib.Z
24,logic_vvt,db_nldm,FFGNP0P77V0C,test/root/logic_vvt/db_nldm/logl16hdl090f_ffgnp0p77v0c.db
25,logic_vvt,db_nldm,FFGNP0P77V0C,test/root/logic_vvt/db_nldm/logl16hdl090f_ffgnp0p77v0c.lib.Z
26,power_vvt,db_nldm,FFGNP0P77V0C,test/root/power_vvt/db_nldm/logl20hdh090f_ffgnp0p77v0c.db
27,power_vvt,db_nldm,FFGNP0P77V0C,test/root/power_vvt/db_nldm/logl20hdh090f_ffgnp0p77v0c.lib.Z
28,logic_lvt,db_nldm,FFGNP0P77V0C,test/root/logic_lvt/db_nldm/logl20hdl090f_ffgnp0p77v0c.db
29,logic_lvt,db_nldm,FFGNP0P77V0C,test/root/logic_lvt/db_nldm/logl20hdl090f_ffgnp0p77v0c.lib.Z
30,logic_vvt,db_ccs,FFGNP0P77V0C,test/root/logic_vvt/db_ccs/logl16hdl090f_ffgnp0p77v0c.db
31,logic_vvt,db_ccs,FFGNP0P77V0C,test/root/logic_vvt/db_ccs/logl16hdl090f_ffgnp0p77v0c.lib.Z
32,power_vvt,db_ccs,FFGNP0P77V0C,test/root/power_vvt/db_ccs/logl20hdh090f_ffgnp0p77v0c.lib.Z
33,power_vvt,db_ccs,FFGNP0P77V0C,test/root/power_vvt/db_ccs/logl20hdh090f_ffgnp0p77v0c.db
34,logic_lvt,db_ccs,FFGNP0P77V0C,test/root/logic_lvt/db_ccs/logl20hdl090f_ffgnp0p77v0c.db
35,logic_lvt,db_ccs,FFGNP0P77V0C,test/root/logic_lvt/db_ccs/logl20hdl090f_ffgnp0p77v0c.lib.Z
36,logic_vvt,db_nldm,SSGNP0P63V125C,test/root/logic_vvt/db_nldm/logl16hdl090f_ssgnp0p63v125c.lib.Z
37,logic_vvt,db_nldm,SSGNP0P63V125C,test/root/logic_vvt/db_nldm/logl16hdl090f_ssgnp0p63v125c.db
38,power_vvt,db_nldm,SSGNP0P63V125C,test/root/power_vvt/db_nldm/logl20hdh090f_ssgnp0p63v125c.lib.Z
39,power_vvt,db_nldm,SSGNP0P63V125C,test/root/power_vvt/db_nldm/logl20hdh090f_ssgnp0p63v125c.db
40,logic_lvt,db_nldm,SSGNP0P63V125C,test/root/logic_lvt/db_nldm/logl20hdl090f_ssgnp0p63v125c.db
41,logic_lvt,db_nldm,SSGNP0P63V125C,test/root/logic_lvt/db_nldm/logl20hdl090f_ssgnp0p63v125c.lib.Z
42,logic_vvt,db_ccs,SSGNP0P63V125C,test/root/logic_vvt/db_ccs/logl16hdl090f_ssgnp0p63v125c.db
43,logic_vvt,db_ccs,SSGNP0P63V125C,test/root/logic_vvt/db_ccs/logl16hdl090f_ssgnp0p63v125c.lib.Z
44,power_vvt,db_ccs,SSGNP0P63V125C,test/root/power_vvt/db_ccs/logl20hdh090f_ssgnp0p63v125c.db
45,power_vvt,db_ccs,SSGNP0P63V125C,test/root/power_vvt/db_ccs/logl20hdh090f_ssgnp0p63v125c.lib.Z
46,logic_lvt,db_ccs,SSGNP0P63V125C,test/root/logic_lvt/db_ccs/logl20hdl090f_ssgnp0p63v125c.lib.Z
47,logic_lvt,db_ccs,SSGNP0P63V125C,test/root/logic_lvt/db_ccs/logl20hdl090f_ssgnp0p63v125c.db
48,logic_vvt,db_nldm,TT0P7V85C,test/root/logic_vvt/db_nldm/logl16hdl090f_tt0p7v85c.db
49,logic_vvt,db_nldm,TT0P7V85C,test/root/logic_vvt/db_nldm/logl16hdl090f_tt0p7v85c.lib.Z
50,power_vvt,db_nldm,TT0P7V85C,test/root/power_vvt/db_nldm/logl20hdh090f_tt0p7v85c.lib.Z
51,power_vvt,db_nldm,TT0P7V85C,test/root/power_vvt/db_nldm/logl20hdh090f_tt0p7v85c.db
52,logic_lvt,db_nldm,TT0P7V85C,test/root/logic_lvt/db_nldm/logl20hdl090f_tt0p7v85c.db
53,logic_lvt,db_nldm,TT0P7V85C,test/root/logic_lvt/db_nldm/logl20hdl090f_tt0p7v85c.lib.Z
54,logic_vvt,db_ccs,TT0P7V85C,test/root/logic_vvt/db_ccs/logl16hdl090f_tt0p7v85c.db
55,logic_vvt,db_ccs,TT0P7V85C,test/root/logic_vvt/db_ccs/logl16hdl090f_tt0p7v85c.lib.Z
56,power_vvt,db_ccs,TT0P7V85C,test/root/power_vvt/db_ccs/logl20hdh090f_tt0p7v85c.lib.Z
57,power_vvt,db_ccs,TT0P7V85C,test/root/power_vvt/db_ccs/logl20hdh090f_tt0p7v85c.db
58,logic_lvt,db_ccs,TT0P7V85C,test/root/logic_lvt/db_ccs/logl20hdl090f_tt0p7v85c.db
59,logic_lvt,db_ccs,TT0P7V85C,test/root/logic_lvt/db_ccs/logl20hdl090f_tt0p7v85c.lib.Z
60,logic_vvt,db_nldm,FFGNP0P88VN40C,test/root/logic_vvt/db_nldm/logl16hdl090f_ffgnp0p88vn40c.lib.Z
61,logic_vvt,db_nldm,FFGNP0P88VN40C,test/root/logic_vvt/db_nldm/logl16hdl090f_ffgnp0p88vn40c.db
62,power_vvt,db_nldm,FFGNP0P88VN40C,test/root/power_vvt/db_nldm/logl20hdh090f_ffgnp0p88vn40c.db
63,power_vvt,db_nldm,FFGNP0P88VN40C,test/root/power_vvt/db_nldm/logl20hdh090f_ffgnp0p88vn40c.lib.Z
64,logic_lvt,db_nldm,FFGNP0P88VN40C,test/root/logic_lvt/db_nldm/logl20hdl090f_ffgnp0p88vn40c.lib.Z
65,logic_lvt,db_nldm,FFGNP0P88VN40C,test/root/logic_lvt/db_nldm/logl20hdl090f_ffgnp0p88vn40c.db
66,logic_vvt,db_ccs,FFGNP0P88VN40C,test/root/logic_vvt/db_ccs/logl16hdl090f_ffgnp0p88vn40c.db
67,logic_vvt,db_ccs,FFGNP0P88VN40C,test/root/logic_vvt/db_ccs/logl16hdl090f_ffgnp0p88vn40c.lib.Z
68,power_vvt,db_ccs,FFGNP0P88VN40C,test/root/power_vvt/db_ccs/logl20hdh090f_ffgnp0p88vn40c.lib.Z
69,power_vvt,db_ccs,FFGNP0P88VN40C,test/root/power_vvt/db_ccs/logl20hdh090f_ffgnp0p88vn40c.db
70,logic_lvt,db_ccs,FFGNP0P88VN40C,test/root/logic_lvt/db_ccs/logl20hdl090f_ffgnp0p88vn40c.lib.Z
71,logic_lvt,db_ccs,FFGNP0P88VN40C,test/root/logic_lvt/db_ccs/logl20hdl090f_ffgnp0p88vn40c.db
72,logic_vvt,db_nldm,TT0P85V25C,test/root/logic_vvt/db_nldm/logl16hdl090f_tt0p85v25c.lib.Z
73,logic_vvt,db_nldm,TT0P85V25C,test/root/logic_vvt/db_nldm/logl16hdl090f_tt0p85v25c.db
74,power_vvt,db_nldm,TT0P85V25C,test/root/power_vvt/db_nldm/logl20hdh090f_tt0p85v25c.lib.Z
75,power_vvt,db_nldm,TT0P85V25C,test/root/power_vvt/db_nldm/logl20hdh090f_tt0p85v25c.db
76,logic_lvt,db_nldm,TT0P85V25C,test/root/logic_lvt/db_nldm/logl20hdl090f_tt0p85v25c.lib.Z
77,logic_lvt,db_nldm,TT0P85V25C,test/root/logic_lvt/db_nldm/logl20hdl090f_tt0p85v25c.db
78,logic_vvt,db_ccs,TT0P85V25C,test/root/logic_vvt/db_ccs/logl16hdl090f_tt0p85v25c.db
79,logic_vvt,db_ccs,TT0P85V25C,test/root/logic_vvt/db_ccs/logl16hdl090f_tt0p85v25c.lib.Z
80,power_vvt,db_ccs,TT0P85V25C,test/root/power_vvt/db_ccs/logl20hdh090f_tt0p85v25c.db
81,power_vvt,db_ccs,TT0P85V25C,test/root/power_vvt/db_ccs/logl20hdh090f_tt0p85v25c.lib.Z
82,logic_lvt,db_ccs,TT0P85V25C,test/root/logic_lvt/db_ccs/logl20hdl090f_tt0p85v25c.db
83,logic_lvt,db_ccs,TT0P85V25C,test/root/logic_lvt/db_ccs/logl20hdl090f_tt0p85v25c.lib.Z
84,logic_vvt,db_nldm,TT0P85V85C,test/root/logic_vvt/db_nldm/logl16hdl090f_tt0p85v85c.lib.Z
85,logic_vvt,db_nldm,TT0P85V85C,test/root/logic_vvt/db_nldm/logl16hdl090f_tt0p85v85c.db
86,power_vvt,db_nldm,TT0P85V85C,test/root/power_vvt/db_nldm/logl20hdh090f_tt0p85v85c.db
87,power_vvt,db_nldm,TT0P85V85C,test/root/power_vvt/db_nldm/logl20hdh090f_tt0p85v85c.lib.Z
88,logic_lvt,db_nldm,TT0P85V85C,test/root/logic_lvt/db_nldm/logl20hdl090f_tt0p85v85c.lib.Z
89,logic_lvt,db_nldm,TT0P85V85C,test/root/logic_lvt/db_nldm/logl20hdl090f_tt0p85v85c.db
90,logic_vvt,db_ccs,TT0P85V85C,test/root/logic_vvt/db_ccs/logl16hdl090f_tt0p85v85c.db
91,logic_vvt,db_ccs,TT0P85V85C,test/root/logic_vvt/db_ccs/logl16hdl090f_tt0p85v85c.lib.Z
92,power_vvt,db_ccs,TT0P85V85C,test/root/power_vvt/db_ccs/logl20hdh090f_tt0p85v85c.lib.Z
93,power_vvt,db_ccs,TT0P85V85C,test/root/power_vvt/db_ccs/logl20hdh090f_tt0p85v85c.db
94,logic_lvt,db_ccs,TT0P85V85C,test/root/logic_lvt/db_ccs/logl20hdl090f_tt0p85v85c.db
95,logic_lvt,db_ccs,TT0P85V85C,test/root/logic_lvt/db_ccs/logl20hdl090f_tt0p85v85c.lib.Z
96,logic_vvt,db_nldm,SSGNP0P72V125C,test/root/logic_vvt/db_nldm/logl16hdl090f_ssgnp0p72v125c.lib.Z
97,logic_vvt,db_nldm,SSGNP0P72V125C,test/root/logic_vvt/db_nldm/logl16hdl090f_ssgnp0p72v125c.db
98,power_vvt,db_nldm,SSGNP0P72V125C,test/root/power_vvt/db_nldm/logl20hdh090f_ssgnp0p72v125c.lib.Z
99,power_vvt,db_nldm,SSGNP0P72V125C,test/root/power_vvt/db_nldm/logl20hdh090f_ssgnp0p72v125c.db
100,logic_lvt,db_nldm,SSGNP0P72V125C,test/root/logic_lvt/db_nldm/logl20hdl090f_ssgnp0p72v125c.lib.Z
101,logic_lvt,db_nldm,SSGNP0P72V125C,test/root/logic_lvt/db_nldm/logl20hdl090f_ssgnp0p72v125c.db
102,logic_vvt,db_ccs,SSGNP0P72V125C,test/root/logic_vvt/db_ccs/logl16hdl090f_ssgnp0p72v125c.db
103,logic_vvt,db_ccs,SSGNP0P72V125C,test/root/logic_vvt/db_ccs/logl16hdl090f_ssgnp0p72v125c.lib.Z
104,power_vvt,db_ccs,SSGNP0P72V125C,test/root/power_vvt/db_ccs/logl20hdh090f_ssgnp0p72v125c.lib.Z
105,power_vvt,db_ccs,SSGNP0P72V125C,test/root/power_vvt/db_ccs/logl20hdh090f_ssgnp0p72v125c.db
106,logic_lvt,db_ccs,SSGNP0P72V125C,test/root/logic_lvt/db_ccs/logl20hdl090f_ssgnp0p72v125c.db
107,logic_lvt,db_ccs,SSGNP0P72V125C,test/root/logic_lvt/db_ccs/logl20hdl090f_ssgnp0p72v125c.lib.Z
108,logic_vvt,db_nldm,TT0P8V25C,test/root/logic_vvt/db_nldm/logl16hdl090f_tt0p8v25c.lib.Z
109,logic_vvt,db_nldm,TT0P8V25C,test/root/logic_vvt/db_nldm/logl16hdl090f_tt0p8v25c.db
110,power_vvt,db_nldm,TT0P8V25C,test/root/power_vvt/db_nldm/logl20hdh090f_tt0p8v25c.db
111,power_vvt,db_nldm,TT0P8V25C,test/root/power_vvt/db_nldm/logl20hdh090f_tt0p8v25c.lib.Z
112,logic_lvt,db_nldm,TT0P8V25C,test/root/logic_lvt/db_nldm/logl20hdl090f_tt0p8v25c.lib.Z
113,logic_lvt,db_nldm,TT0P8V25C,test/root/logic_lvt/db_nldm/logl20hdl090f_tt0p8v25c.db
114,logic_vvt,db_ccs,TT0P8V25C,test/root/logic_vvt/db_ccs/logl16hdl090f_tt0p8v25c.db
115,logic_vvt,db_ccs,TT0P8V25C,test/root/logic_vvt/db_ccs/logl16hdl090f_tt0p8v25c.lib.Z
116,power_vvt,db_ccs,TT0P8V25C,test/root/power_vvt/db_ccs/logl20hdh090f_tt0p8v25c.db
117,power_vvt,db_ccs,TT0P8V25C,test/root/power_vvt/db_ccs/logl20hdh090f_tt0p8v25c.lib.Z
118,logic_lvt,db_ccs,TT0P8V25C,test/root/logic_lvt/db_ccs/logl20hdl090f_tt0p8v25c.lib.Z
119,logic_lvt,db_ccs,TT0P8V25C,test/root/logic_lvt/db_ccs/logl20hdl090f_tt0p8v25c.db
120,logic_vvt,db_nldm,FFG0P935V125C,test/root/logic_vvt/db_nldm/logl16hdl090f_ffg0p935v125c.lib.Z
121,logic_vvt,db_nldm,FFG0P935V125C,test/root/logic_vvt/db_nldm/logl16hdl090f_ffg0p935v125c.db
122,power_vvt,db_nldm,FFG0P935V125C,test/root/power_vvt/db_nldm/logl20hdh090f_ffg0p935v125c.db
123,power_vvt,db_nldm,FFG0P935V125C,test/root/power_vvt/db_nldm/logl20hdh090f_ffg0p935v125c.lib.Z
124,logic_lvt,db_nldm,FFG0P935V125C,test/root/logic_lvt/db_nldm/logl20hdl090f_ffg0p935v125c.lib.Z
125,logic_lvt,db_nldm,FFG0P935V125C,test/root/logic_lvt/db_nldm/logl20hdl090f_ffg0p935v125c.db
126,logic_vvt,db_ccs,FFG0P935V125C,test/root/logic_vvt/db_ccs/logl16hdl090f_ffg0p935v125c.lib.Z
127,logic_vvt,db_ccs,FFG0P935V125C,test/root/logic_vvt/db_ccs/logl16hdl090f_ffg0p935v125c.db
128,power_vvt,db_ccs,FFG0P935V125C,test/root/power_vvt/db_ccs/logl20hdh090f_ffg0p935v125c.db
129,power_vvt,db_ccs,FFG0P935V125C,test/root/power_vvt/db_ccs/logl20hdh090f_ffg0p935v125c.lib.Z
130,logic_lvt,db_ccs,FFG0P935V125C,test/root/logic_lvt/db_ccs/logl20hdl090f_ffg0p935v125c.db
131,logic_lvt,db_ccs,FFG0P935V125C,test/root/logic_lvt/db_ccs/logl20hdl090f_ffg0p935v125c.lib.Z
132,logic_vvt,db_nldm,SSGNP0P765V125C,test/root/logic_vvt/db_nldm/logl16hdl090f_ssgnp0p765v125c.db
133,logic_vvt,db_nldm,SSGNP0P765V125C,test/root/logic_vvt/db_nldm/logl16hdl090f_ssgnp0p765v125c.lib.Z
134,power_vvt,db_nldm,SSGNP0P765V125C,test/root/power_vvt/db_nldm/logl20hdh090f_ssgnp0p765v125c.lib.Z
135,power_vvt,db_nldm,SSGNP0P765V125C,test/root/power_vvt/db_nldm/logl20hdh090f_ssgnp0p765v125c.db
136,logic_lvt,db_nldm,SSGNP0P765V125C,test/root/logic_lvt/db_nldm/logl20hdl090f_ssgnp0p765v125c.db
137,logic_lvt,db_nldm,SSGNP0P765V125C,test/root/logic_lvt/db_nldm/logl20hdl090f_ssgnp0p765v125c.lib.Z
138,logic_vvt,db_ccs,SSGNP0P765V125C,test/root/logic_vvt/db_ccs/logl16hdl090f_ssgnp0p765v125c.lib.Z
139,logic_vvt,db_ccs,SSGNP0P765V125C,test/root/logic_vvt/db_ccs/logl16hdl090f_ssgnp0p765v125c.db
140,power_vvt,db_ccs,SSGNP0P765V125C,test/root/power_vvt/db_ccs/logl20hdh090f_ssgnp0p765v125c.db
141,power_vvt,db_ccs,SSGNP0P765V125C,test/root/power_vvt/db_ccs/logl20hdh090f_ssgnp0p765v125c.lib.Z
142,logic_lvt,db_ccs,SSGNP0P765V125C,test/root/logic_lvt/db_ccs/logl20hdl090f_ssgnp0p765v125c.db
143,logic_lvt,db_ccs,SSGNP0P765V125C,test/root/logic_lvt/db_ccs/logl20hdl090f_ssgnp0p765v125c.lib.Z
144,logic_vvt,db_nldm,TT0P7V25C,test/root/logic_vvt/db_nldm/logl16hdl090f_tt0p7v25c.lib.Z
145,logic_vvt,db_nldm,TT0P7V25C,test/root/logic_vvt/db_nldm/logl16hdl090f_tt0p7v25c.db
146,power_vvt,db_nldm,TT0P7V25C,test/root/power_vvt/db_nldm/logl20hdh090f_tt0p7v25c.lib.Z
147,power_vvt,db_nldm,TT0P7V25C,test/root/power_vvt/db_nldm/logl20hdh090f_tt0p7v25c.db
148,logic_lvt,db_nldm,TT0P7V25C,test/root/logic_lvt/db_nldm/logl20hdl090f_tt0p7v25c.lib.Z
149,logic_lvt,db_nldm,TT0P7V25C,test/root/logic_lvt/db_nldm/logl20hdl090f_tt0p7v25c.db
150,logic_vvt,db_ccs,TT0P7V25C,test/root/logic_vvt/db_ccs/logl16hdl090f_tt0p7v25c.db
151,logic_vvt,db_ccs,TT0P7V25C,test/root/logic_vvt/db_ccs/logl16hdl090f_tt0p7v25c.lib.Z
152,power_vvt,db_ccs,TT0P7V25C,test/root/power_vvt/db_ccs/logl20hdh090f_tt0p7v25c.db
153,power_vvt,db_ccs,TT0P7V25C,test/root/power_vvt/db_ccs/logl20hdh090f_tt0p7v25c.lib.Z
154,logic_lvt,db_ccs,TT0P7V25C,test/root/logic_lvt/db_ccs/logl20hdl090f_tt0p7v25c.db
155,logic_lvt,db_ccs,TT0P7V25C,test/root/logic_lvt/db_ccs/logl20hdl090f_tt0p7v25c.lib.Z
156,logic_vvt,db_nldm,FFGNP0P77VN40C,test/root/logic_vvt/db_nldm/logl16hdl090f_ffgnp0p77vn40c.db
157,logic_vvt,db_nldm,FFGNP0P77VN40C,test/root/logic_vvt/db_nldm/logl16hdl090f_ffgnp0p77vn40c.lib.Z
158,power_vvt,db_nldm,FFGNP0P77VN40C,test/root/power_vvt/db_nldm/logl20hdh090f_ffgnp0p77vn40c.db
159,power_vvt,db_nldm,FFGNP0P77VN40C,test/root/power_vvt/db_nldm/logl20hdh090f_ffgnp0p77vn40c.lib.Z
160,logic_lvt,db_nldm,FFGNP0P77VN40C,test/root/logic_lvt/db_nldm/logl20hdl090f_ffgnp0p77vn40c.db
161,logic_lvt,db_nldm,FFGNP0P77VN40C,test/root/logic_lvt/db_nldm/logl20hdl090f_ffgnp0p77vn40c.lib.Z
162,logic_vvt,db_ccs,FFGNP0P77VN40C,test/root/logic_vvt/db_ccs/logl16hdl090f_ffgnp0p77vn40c.db
163,logic_vvt,db_ccs,FFGNP0P77VN40C,test/root/logic_vvt/db_ccs/logl16hdl090f_ffgnp0p77vn40c.lib.Z
164,power_vvt,db_ccs,FFGNP0P77VN40C,test/root/power_vvt/db_ccs/logl20hdh090f_ffgnp0p77vn40c.lib.Z
165,power_vvt,db_ccs,FFGNP0P77VN40C,test/root/power_vvt/db_ccs/logl20hdh090f_ffgnp0p77vn40c.db
166,logic_lvt,db_ccs,FFGNP0P77VN40C,test/root/logic_lvt/db_ccs/logl20hdl090f_ffgnp0p77vn40c.lib.Z
167,logic_lvt,db_ccs,FFGNP0P77VN40C,test/root/logic_lvt/db_ccs/logl20hdl090f_ffgnp0p77vn40c.db
168,logic_vvt,db_nldm,SSGNP0P72V0C,test/root/logic_vvt/db_nldm/logl16hdl090f_ssgnp0p72v0c.lib.Z
169,logic_vvt,db_nldm,SSGNP0P72V0C,test/root/logic_vvt/db_nldm/logl16hdl090f_ssgnp0p72v0c.db
170,power_vvt,db_nldm,SSGNP0P72V0C,test/root/power_vvt/db_nldm/logl20hdh090f_ssgnp0p72v0c.lib.Z
171,power_vvt,db_nldm,SSGNP0P72V0C,test/root/power_vvt/db_nldm/logl20hdh090f_ssgnp0p72v0c.db
172,logic_lvt,db_nldm,SSGNP0P72V0C,test/root/logic_lvt/db_nldm/logl20hdl090f_ssgnp0p72v0c.lib.Z
173,logic_lvt,db_nldm,SSGNP0P72V0C,test/root/logic_lvt/db_nldm/logl20hdl090f_ssgnp0p72v0c.db
174,logic_vvt,db_ccs,SSGNP0P72V0C,test/root/logic_vvt/db_ccs/logl16hdl090f_ssgnp0p72v0c.db
175,logic_vvt,db_ccs,SSGNP0P72V0C,test/root/logic_vvt/db_ccs/logl16hdl090f_ssgnp0p72v0c.lib.Z
176,power_vvt,db_ccs,SSGNP0P72V0C,test/root/power_vvt/db_ccs/logl20hdh090f_ssgnp0p72v0c.db
177,power_vvt,db_ccs,SSGNP0P72V0C,test/root/power_vvt/db_ccs/logl20hdh090f_ssgnp0p72v0c.lib.Z
178,logic_lvt,db_ccs,SSGNP0P72V0C,test/root/logic_lvt/db_ccs/logl20hdl090f_ssgnp0p72v0c.lib.Z
179,logic_lvt,db_ccs,SSGNP0P72V0C,test/root/logic_lvt/db_ccs/logl20hdl090f_ssgnp0p72v0c.db
180,logic_vvt,db_nldm,FFGNP0P88V125C,test/root/logic_vvt/db_nldm/logl16hdl090f_ffgnp0p88v125c.db
181,logic_vvt,db_nldm,FFGNP0P88V125C,test/root/logic_vvt/db_nldm/logl16hdl090f_ffgnp0p88v125c.lib.Z
182,power_vvt,db_nldm,FFGNP0P88V125C,test/root/power_vvt/db_nldm/logl20hdh090f_ffgnp0p88v125c.db
183,power_vvt,db_nldm,FFGNP0P88V125C,test/root/power_vvt/db_nldm/logl20hdh090f_ffgnp0p88v125c.lib.Z
184,logic_lvt,db_nldm,FFGNP0P88V125C,test/root/logic_lvt/db_nldm/logl20hdl090f_ffgnp0p88v125c.lib.Z
185,logic_lvt,db_nldm,FFGNP0P88V125C,test/root/logic_lvt/db_nldm/logl20hdl090f_ffgnp0p88v125c.db
186,logic_vvt,db_ccs,FFGNP0P88V125C,test/root/logic_vvt/db_ccs/logl16hdl090f_ffgnp0p88v125c.lib.Z
187,logic_vvt,db_ccs,FFGNP0P88V125C,test/root/logic_vvt/db_ccs/logl16hdl090f_ffgnp0p88v125c.db
188,power_vvt,db_ccs,FFGNP0P88V125C,test/root/power_vvt/db_ccs/logl20hdh090f_ffgnp0p88v125c.db
189,power_vvt,db_ccs,FFGNP0P88V125C,test/root/power_vvt/db_ccs/logl20hdh090f_ffgnp0p88v125c.lib.Z
190,logic_lvt,db_ccs,FFGNP0P88V125C,test/root/logic_lvt/db_ccs/logl20hdl090f_ffgnp0p88v125c.db
191,logic_lvt,db_ccs,FFGNP0P88V125C,test/root/logic_lvt/db_ccs/logl20hdl090f_ffgnp0p88v125c.lib.Z
192,logic_vvt,db_nldm,TT0P8V85C,test/root/logic_vvt/db_nldm/logl16hdl090f_tt0p8v85c.lib.Z
193,logic_vvt,db_nldm,TT0P8V85C,test/root/logic_vvt/db_nldm/logl16hdl090f_tt0p8v85c.db
194,power_vvt,db_nldm,TT0P8V85C,test/root/power_vvt/db_nldm/logl20hdh090f_tt0p8v85c.db
195,power_vvt,db_nldm,TT0P8V85C,test/root/power_vvt/db_nldm/logl20hdh090f_tt0p8v85c.lib.Z
196,logic_lvt,db_nldm,TT0P8V85C,test/root/logic_lvt/db_nldm/logl20hdl090f_tt0p8v85c.lib.Z
197,logic_lvt,db_nldm,TT0P8V85C,test/root/logic_lvt/db_nldm/logl20hdl090f_tt0p8v85c.db
198,logic_vvt,db_ccs,TT0P8V85C,test/root/logic_vvt/db_ccs/logl16hdl090f_tt0p8v85c.lib.Z
199,logic_vvt,db_ccs,TT0P8V85C,test/root/logic_vvt/db_ccs/logl16hdl090f_tt0p8v85c.db
200,power_vvt,db_ccs,TT0P8V85C,test/root/power_vvt/db_ccs/logl20hdh090f_tt0p8v85c.lib.Z
201,power_vvt,db_ccs,TT0P8V85C,test/root/power_vvt/db_ccs/logl20hdh090f_tt0p8v85c.db
202,logic_lvt,db_ccs,TT0P8V85C,test/root/logic_lvt/db_ccs/logl20hdl090f_tt0p8v85c.lib.Z
203,logic_lvt,db_ccs,TT0P8V85C,test/root/logic_lvt/db_ccs/logl20hdl090f_tt0p8v85c.db
204,logic_vvt,db_nldm,SSGNP0P765VN40C,test/root/logic_vvt/db_nldm/logl16hdl090f_ssgnp0p765vn40c.lib.Z
205,logic_vvt,db_nldm,SSGNP0P765VN40C,test/root/logic_vvt/db_nldm/logl16hdl090f_ssgnp0p765vn40c.db
206,power_vvt,db_nldm,SSGNP0P765VN40C,test/root/power_vvt/db_nldm/logl20hdh090f_ssgnp0p765vn40c.lib.Z
207,power_vvt,db_nldm,SSGNP0P765VN40C,test/root/power_vvt/db_nldm/logl20hdh090f_ssgnp0p765vn40c.db
208,logic_lvt,db_nldm,SSGNP0P765VN40C,test/root/logic_lvt/db_nldm/logl20hdl090f_ssgnp0p765vn40c.db
209,logic_lvt,db_nldm,SSGNP0P765VN40C,test/root/logic_lvt/db_nldm/logl20hdl090f_ssgnp0p765vn40c.lib.Z
210,logic_vvt,db_ccs,SSGNP0P765VN40C,test/root/logic_vvt/db_ccs/logl16hdl090f_ssgnp0p765vn40c.lib.Z
211,logic_vvt,db_ccs,SSGNP0P765VN40C,test/root/logic_vvt/db_ccs/logl16hdl090f_ssgnp0p765vn40c.db
212,power_vvt,db_ccs,SSGNP0P765VN40C,test/root/power_vvt/db_ccs/logl20hdh090f_ssgnp0p765vn40c.lib.Z
213,power_vvt,db_ccs,SSGNP0P765VN40C,test/root/power_vvt/db_ccs/logl20hdh090f_ssgnp0p765vn40c.db
214,logic_lvt,db_ccs,SSGNP0P765VN40C,test/root/logic_lvt/db_ccs/logl20hdl090f_ssgnp0p765vn40c.db
215,logic_lvt,db_ccs,SSGNP0P765VN40C,test/root/logic_lvt/db_ccs/logl20hdl090f_ssgnp0p765vn40c.lib.Z
216,logic_vvt,db_nldm,FFGNP0P935V0C,test/root/logic_vvt/db_nldm/logl16hdl090f_ffgnp0p935v0c.lib.Z
217,logic_vvt,db_nldm,FFGNP0P935V0C,test/root/logic_vvt/db_nldm/logl16hdl090f_ffgnp0p935v0c.db
218,power_vvt,db_nldm,FFGNP0P935V0C,test/root/power_vvt/db_nldm/logl20hdh090f_ffgnp0p935v0c.db
219,power_vvt,db_nldm,FFGNP0P935V0C,test/root/power_vvt/db_nldm/logl20hdh090f_ffgnp0p935v0c.lib.Z
220,logic_lvt,db_nldm,FFGNP0P935V0C,test/root/logic_lvt/db_nldm/logl20hdl090f_ffgnp0p935v0c.lib.Z
221,logic_lvt,db_nldm,FFGNP0P935V0C,test/root/logic_lvt/db_nldm/logl20hdl090f_ffgnp0p935v0c.db
222,logic_vvt,db_ccs,FFGNP0P935V0C,test/root/logic_vvt/db_ccs/logl16hdl090f_ffgnp0p935v0c.lib.Z
223,logic_vvt,db_ccs,FFGNP0P935V0C,test/root/logic_vvt/db_ccs/logl16hdl090f_ffgnp0p935v0c.db
224,power_vvt,db_ccs,FFGNP0P935V0C,test/root/power_vvt/db_ccs/logl20hdh090f_ffgnp0p935v0c.db
225,power_vvt,db_ccs,FFGNP0P935V0C,test/root/power_vvt/db_ccs/logl20hdh090f_ffgnp0p935v0c.lib.Z
226,logic_lvt,db_ccs,FFGNP0P935V0C,test/root/logic_lvt/db_ccs/logl20hdl090f_ffgnp0p935v0c.lib.Z
227,logic_lvt,db_ccs,FFGNP0P935V0C,test/root/logic_lvt/db_ccs/logl20hdl090f_ffgnp0p935v0c.db
228,logic_vvt,db_nldm,SSGNP0P765V0C,test/root/logic_vvt/db_nldm/logl16hdl090f_ssgnp0p765v0c.db
229,logic_vvt,db_nldm,SSGNP0P765V0C,test/root/logic_vvt/db_nldm/logl16hdl090f_ssgnp0p765v0c.lib.Z
230,power_vvt,db_nldm,SSGNP0P765V0C,test/root/power_vvt/db_nldm/logl20hdh090f_ssgnp0p765v0c.lib.Z
231,power_vvt,db_nldm,SSGNP0P765V0C,test/root/power_vvt/db_nldm/logl20hdh090f_ssgnp0p765v0c.db
232,logic_lvt,db_nldm,SSGNP0P765V0C,test/root/logic_lvt/db_nldm/logl20hdl090f_ssgnp0p765v0c.lib.Z
233,logic_lvt,db_nldm,SSGNP0P765V0C,test/root/logic_lvt/db_nldm/logl20hdl090f_ssgnp0p765v0c.db
234,logic_vvt,db_ccs,SSGNP0P765V0C,test/root/logic_vvt/db_ccs/logl16hdl090f_ssgnp0p765v0c.lib.Z
235,logic_vvt,db_ccs,SSGNP0P765V0C,test/root/logic_vvt/db_ccs/logl16hdl090f_ssgnp0p765v0c.db
236,power_vvt,db_ccs,SSGNP0P765V0C,test/root/power_vvt/db_ccs/logl20hdh090f_ssgnp0p765v0c.lib.Z
237,power_vvt,db_ccs,SSGNP0P765V0C,test/root/power_vvt/db_ccs/logl20hdh090f_ssgnp0p765v0c.db
238,logic_lvt,db_ccs,SSGNP0P765V0C,test/root/logic_lvt/db_ccs/logl20hdl090f_ssgnp0p765v0c.db
239,logic_lvt,db_ccs,SSGNP0P765V0C,test/root/logic_lvt/db_ccs/logl20hdl090f_ssgnp0p765v0c.lib.Z
240,logic_vvt,db_nldm,FFGNP0P935V125C,test/root/logic_vvt/db_nldm/logl16hdl090f_ffgnp0p935v125c.lib.Z
241,logic_vvt,db_nldm,FFGNP0P935V125C,test/root/logic_vvt/db_nldm/logl16hdl090f_ffgnp0p935v125c.db
242,power_vvt,db_nldm,FFGNP0P935V125C,test/root/power_vvt/db_nldm/logl20hdh090f_ffgnp0p935v125c.db
243,power_vvt,db_nldm,FFGNP0P935V125C,test/root/power_vvt/db_nldm/logl20hdh090f_ffgnp0p935v125c.lib.Z
244,logic_lvt,db_nldm,FFGNP0P935V125C,test/root/logic_lvt/db_nldm/logl20hdl090f_ffgnp0p935v125c.db
245,logic_lvt,db_nldm,FFGNP0P935V125C,test/root/logic_lvt/db_nldm/logl20hdl090f_ffgnp0p935v125c.lib.Z
246,logic_vvt,db_ccs,FFGNP0P935V125C,test/root/logic_vvt/db_ccs/logl16hdl090f_ffgnp0p935v125c.lib.Z
247,logic_vvt,db_ccs,FFGNP0P935V125C,test/root/logic_vvt/db_ccs/logl16hdl090f_ffgnp0p935v125c.db
248,power_vvt,db_ccs,FFGNP0P935V125C,test/root/power_vvt/db_ccs/logl20hdh090f_ffgnp0p935v125c.db
249,power_vvt,db_ccs,FFGNP0P935V125C,test/root/power_vvt/db_ccs/logl20hdh090f_ffgnp0p935v125c.lib.Z
250,logic_lvt,db_ccs,FFGNP0P935V125C,test/root/logic_lvt/db_ccs/logl20hdl090f_ffgnp0p935v125c.db
251,logic_lvt,db_ccs,FFGNP0P935V125C,test/root/logic_lvt/db_ccs/logl20hdl090f_ffgnp0p935v125c.lib.Z
252,logic_vvt,db_nldm,SSGNP0P63V0C,test/root/logic_vvt/db_nldm/logl16hdl090f_ssgnp0p63v0c.lib.Z
253,logic_vvt,db_nldm,SSGNP0P63V0C,test/root/logic_vvt/db_nldm/logl16hdl090f_ssgnp0p63v0c.db
254,power_vvt,db_nldm,SSGNP0P63V0C,test/root/power_vvt/db_nldm/logl20hdh090f_ssgnp0p63v0c.lib.Z
255,power_vvt,db_nldm,SSGNP0P63V0C,test/root/power_vvt/db_nldm/logl20hdh090f_ssgnp0p63v0c.db
256,logic_lvt,db_nldm,SSGNP0P63V0C,test/root/logic_lvt/db_nldm/logl20hdl090f_ssgnp0p63v0c.lib.Z
257,logic_lvt,db_nldm,SSGNP0P63V0C,test/root/logic_lvt/db_nldm/logl20hdl090f_ssgnp0p63v0c.db
258,logic_vvt,db_ccs,SSGNP0P63V0C,test/root/logic_vvt/db_ccs/logl16hdl090f_ssgnp0p63v0c.lib.Z
259,logic_vvt,db_ccs,SSGNP0P63V0C,test/root/logic_vvt/db_ccs/logl16hdl090f_ssgnp0p63v0c.db
260,power_vvt,db_ccs,SSGNP0P63V0C,test/root/power_vvt/db_ccs/logl20hdh090f_ssgnp0p63v0c.lib.Z
261,power_vvt,db_ccs,SSGNP0P63V0C,test/root/power_vvt/db_ccs/logl20hdh090f_ssgnp0p63v0c.db
262,logic_lvt,db_ccs,SSGNP0P63V0C,test/root/logic_lvt/db_ccs/logl20hdl090f_ssgnp0p63v0c.db
263,logic_lvt,db_ccs,SSGNP0P63V0C,test/root/logic_lvt/db_ccs/logl20hdl090f_ssgnp0p63v0c.lib.Z
264,logic_vvt,db_nldm,SSGNP0P72VN40C,test/root/logic_vvt/db_nldm/logl16hdl090f_ssgnp0p72vn40c.lib.Z
265,logic_vvt,db_nldm,SSGNP0P72VN40C,test/root/logic_vvt/db_nldm/logl16hdl090f_ssgnp0p72vn40c.db
266,power_vvt,db_nldm,SSGNP0P72VN40C,test/root/power_vvt/db_nldm/logl20hdh090f_ssgnp0p72vn40c.lib.Z
267,power_vvt,db_nldm,SSGNP0P72VN40C,test/root/power_vvt/db_nldm/logl20hdh090f_ssgnp0p72vn40c.db
268,logic_lvt,db_nldm,SSGNP0P72VN40C,test/root/logic_lvt/db_nldm/logl20hdl090f_ssgnp0p72vn40c.lib.Z
269,logic_lvt,db_nldm,SSGNP0P72VN40C,test/root/logic_lvt/db_nldm/logl20hdl090f_ssgnp0p72vn40c.db
270,logic_vvt,db_ccs,SSGNP0P72VN40C,test/root/logic_vvt/db_ccs/logl16hdl090f_ssgnp0p72vn40c.lib.Z
271,logic_vvt,db_ccs,SSGNP0P72VN40C,test/root/logic_vvt/db_ccs/logl16hdl090f_ssgnp0p72vn40c.db
272,power_vvt,db_ccs,SSGNP0P72VN40C,test/root/power_vvt/db_ccs/logl20hdh090f_ssgnp0p72vn40c.lib.Z
273,power_vvt,db_ccs,SSGNP0P72VN40C,test/root/power_vvt/db_ccs/logl20hdh090f_ssgnp0p72vn40c.db
274,logic_lvt,db_ccs,SSGNP0P72VN40C,test/root/logic_lvt/db_ccs/logl20hdl090f_ssgnp0p72vn40c.db
275,logic_lvt,db_ccs,SSGNP0P72VN40C,test/root/logic_lvt/db_ccs/logl20hdl090f_ssgnp0p72vn40c.lib.Z
276,logic_vvt,db_nldm,FFGNP0P88V0C,test/root/logic_vvt/db_nldm/logl16hdl090f_ffgnp0p88v0c.db
277,logic_vvt,db_nldm,FFGNP0P88V0C,test/root/logic_vvt/db_nldm/logl16hdl090f_ffgnp0p88v0c.lib.Z
278,power_vvt,db_nldm,FFGNP0P88V0C,test/root/power_vvt/db_nldm/logl20hdh090f_ffgnp0p88v0c.db
279,power_vvt,db_nldm,FFGNP0P88V0C,test/root/power_vvt/db_nldm/logl20hdh090f_ffgnp0p88v0c.lib.Z
280,logic_lvt,db_nldm,FFGNP0P88V0C,test/root/logic_lvt/db_nldm/logl20hdl090f_ffgnp0p88v0c.db
281,logic_lvt,db_nldm,FFGNP0P88V0C,test/root/logic_lvt/db_nldm/logl20hdl090f_ffgnp0p88v0c.lib.Z
282,logic_vvt,db_ccs,FFGNP0P88V0C,test/root/logic_vvt/db_ccs/logl16hdl090f_ffgnp0p88v0c.db
283,logic_vvt,db_ccs,FFGNP0P88V0C,test/root/logic_vvt/db_ccs/logl16hdl090f_ffgnp0p88v0c.lib.Z
284,power_vvt,db_ccs,FFGNP0P88V0C,test/root/power_vvt/db_ccs/logl20hdh090f_ffgnp0p88v0c.db
285,power_vvt,db_ccs,FFGNP0P88V0C,test/root/power_vvt/db_ccs/logl20hdh090f_ffgnp0p88v0c.lib.Z
286,logic_lvt,db_ccs,FFGNP0P88V0C,test/root/logic_lvt/db_ccs/logl20hdl090f_ffgnp0p88v0c.lib.Z
287,logic_lvt,db_ccs,FFGNP0P88V0C,test/root/logic_lvt/db_ccs/logl20hdl090f_ffgnp0p88v0c.db
